customer_id,customer_name,email,registration_date,customer_type
CUST0001,Richard Gupta,richard.gupta6019@example.com,2026-03-26,PREMIUM
CUST0002,Melissa Brown,melissa.brown6524@example.com,2020-05-15,REGULAR
CUST0003,Isha Garcia,isha.garcia3476@example.com,2025-09-11,REGULAR
CUST0004,John Brown,john.brown5465@example.com,2020-05-30,REGULAR
CUST0005,Riya Wilson,riya.wilson1125@example.com,2025-03-20,PREMIUM
CUST0006,Anthony Nguyen,anthony.nguyen3539@example.com,2021-08-12,PREMIUM
CUST0007,Kevin Singh,kevin.singh2418@example.com,2025-09-07,PREMIUM
CUST0008,James Moore,james.moore2371@example.com,2025-01-21,REGULAR
CUST0009,Steven Mehta,steven.mehta2859@example.com,2019-04-16,REGULAR
CUST0010,Thomas Smith,thomas.smith5870@example.com,2021-09-01,REGULAR
CUST0011,Suresh Lee,suresh.lee259@example.com,2019-08-03,REGULAR
CUST0012,Thomas Reddy,thomas.reddy6898@example.com,2019-09-18,REGULAR
CUST0013,Meera Lewis,meera.lewis5932@example.com,2020-03-22,REGULAR
CUST0014,Aditya Allen,aditya.allen3630@example.com,2019-06-27,REGULAR
CUST0015,Pooja Martin,pooja.martin7505@example.com,2019-05-08,PREMIUM
CUST0016,Linda Walker,linda.walker6581@example.com,2020-03-18,REGULAR
CUST0017,Simran Iyer,simran.iyer7268@example.com,2019-11-27,REGULAR
CUST0018,Carol Hill,carol.hill2431@example.com,2022-01-31,REGULAR
CUST0019,Sameer Green,sameer.green9591@example.com,2022-08-24,PREMIUM
CUST0020,Edward Hill,edward.hill8693@example.com,2024-09-01,REGULAR
CUST0021,Ajay Ramirez,ajay.ramirez1625@example.com,2020-04-13,PREMIUM
CUST0022,Sneha Nair,sneha.nair3523@example.com,2021-07-24,PREMIUM
CUST0023,Priya Perez,priya.perez7431@example.com,2020-01-25,REGULAR
CUST0024,Kenneth Ramirez,kenneth.ramirez5121@example.com,2023-03-14,REGULAR
CUST0025,Karen Gupta,karen.gupta7771@example.com,2019-12-16,VIP
CUST0026,Barbara Ramirez,barbara.ramirez1583@example.com,2023-03-07,REGULAR
CUST0027,Thomas Scott,thomas.scott983@example.com,2025-04-19,REGULAR
CUST0028,Vivek Perez,vivek.perez2003@example.com,2026-06-18,REGULAR
CUST0029,Kavya Bhatt,kavya.bhatt843@example.com,2025-09-25,PREMIUM
CUST0030,Michelle Thompson,michelle.thompson1698@example.com,2021-05-21,PREMIUM
CUST0031,Karen Patel,karen.patel7901@example.com,2020-03-19,PREMIUM
CUST0032,Brian Malhotra,brian.malhotra9114@example.com,2022-02-15,PREMIUM
CUST0033,Manish Anderson,manish.anderson7031@example.com,2025-12-21,REGULAR
CUST0034,Deepika Gupta,deepika.gupta9122@example.com,2026-05-18,VIP
CUST0035,Paul Johnson,paul.johnson2956@example.com,2022-06-19,REGULAR
CUST0036,Amanda Thompson,amanda.thompson101@example.com,2020-08-09,REGULAR
CUST0037,Riya Patel,riya.patel6567@example.com,2026-02-06,PREMIUM
CUST0038,Patricia Garcia,patricia.garcia8692@example.com,2023-09-16,PREMIUM
CUST0039,Isha Perez,isha.perez2579@example.com,2022-08-21,PREMIUM
CUST0040,Riya Hill,riya.hill1392@example.com,2020-09-29,REGULAR
CUST0041,Christopher Rao,christopher.rao816@example.com,2022-01-19,PREMIUM
CUST0042,Neha Patel,neha.patel6948@example.com,2023-12-16,REGULAR
CUST0043,Arjun Moore,arjun.moore3532@example.com,2020-04-11,REGULAR
CUST0044,Brian Ramirez,brian.ramirez1817@example.com,2025-08-26,REGULAR
CUST0045,Simran King,simran.king5054@example.com,2023-06-07,REGULAR
CUST0046,Nisha Brown,nisha.brown126@example.com,2021-05-15,REGULAR
CUST0047,Sarah Rao,sarah.rao4187@example.com,2020-05-06,REGULAR
CUST0048,James Young,james.young7056@example.com,2023-04-07,REGULAR
CUST0049,Anjali Iyer,anjali.iyer3771@example.com,2026-06-29,PREMIUM
CUST0050,Melissa Jones,melissa.jones6506@example.com,2019-06-23,REGULAR
CUST0051,Vikram Johnson,vikram.johnson7533@example.com,2022-07-06,REGULAR
CUST0052,Manish Ramirez,manish.ramirez9395@example.com,2026-03-07,REGULAR
CUST0053,Arjun Jackson,arjun.jackson1888@example.com,2022-08-23,REGULAR
CUST0054,Nancy Mehta,nancy.mehta7539@example.com,2023-01-22,VIP
CUST0055,Barbara Ramirez,barbara.ramirez1735@example.com,2025-08-09,PREMIUM
CUST0056,Rohan King,rohan.king1289@example.com,2022-06-24,PREMIUM
CUST0057,Amanda Anderson,amanda.anderson5457@example.com,2019-11-09,REGULAR
CUST0058,Sanjay Green,sanjay.green1869@example.com,2021-03-05,PREMIUM
CUST0059,Brian Thompson,brian.thompson2420@example.com,2020-08-22,REGULAR
CUST0060,Steven Gonzalez,steven.gonzalez2843@example.com,2026-05-08,REGULAR
CUST0061,Elizabeth Lopez,elizabeth.lopez8096@example.com,2025-04-28,VIP
CUST0062,Kiran Lewis,kiran.lewis9249@example.com,2026-01-02,PREMIUM
CUST0063,Carol Bhatt,carol.bhatt5180@example.com,2019-10-07,REGULAR
CUST0064,Meera Lewis,meera.lewis4962@example.com,2025-08-19,PREMIUM
CUST0065,Linda Thompson,linda.thompson8313@example.com,2024-03-06,PREMIUM
CUST0066,Aditya Williams,aditya.williams933@example.com,2022-03-21,PREMIUM
CUST0067,Elizabeth Sharma,elizabeth.sharma1480@example.com,2024-09-07,REGULAR
CUST0068,Stephanie Robinson,stephanie.robinson9509@example.com,2019-06-18,REGULAR
CUST0069,Aditya Pillai,aditya.pillai9367@example.com,2022-08-09,REGULAR
CUST0070,Ajay Walker,ajay.walker8215@example.com,2019-09-11,REGULAR
CUST0071,Aditya Miller,aditya.miller5627@example.com,2019-12-12,REGULAR
CUST0072,Divya Sharma,divya.sharma2828@example.com,2023-11-29,VIP
CUST0073,Neha King,neha.king8565@example.com,2023-01-30,PREMIUM
CUST0074,Deborah Pillai,deborah.pillai4635@example.com,2022-10-17,REGULAR
CUST0075,Nisha Brown,nisha.brown5483@example.com,2020-01-23,PREMIUM
CUST0076,Vivek Gupta,vivek.gupta6334@example.com,2026-05-13,REGULAR
CUST0077,Ajay Bhatt,ajay.bhatt2464@example.com,2025-07-14,VIP
CUST0078,Charles Pillai,charles.pillai5732@example.com,2026-05-11,REGULAR
CUST0079,Ananya Rodriguez,ananya.rodriguez9750@example.com,2019-12-14,REGULAR
CUST0080,Michelle Scott,michelle.scott6172@example.com,2022-09-07,REGULAR
CUST0081,Thomas Patel,thomas.patel8625@example.com,2026-07-09,REGULAR
CUST0082,Kavya Allen,kavya@,2021-01-08,REGULAR
CUST0083,Margaret Perez,margaret.perez7968@example.com,2020-07-17,REGULAR
CUST0084,Karen Jones,karen.jones4847@example.com,2020-02-19,PREMIUM
CUST0085,Divya Singh,divya.singh8844@example.com,2024-11-26,REGULAR
CUST0086,Robert Patel,robert.patel5518@example.com,2025-12-06,REGULAR
CUST0087,Thomas Hill,thomas.hill6173@example.com,2021-01-10,VIP
CUST0088,Sameer Mehta,sameer.mehta2713@example.com,2019-06-28,REGULAR
CUST0089,Priya White,priya.white3892@example.com,2025-11-05,REGULAR
CUST0090,Andrew Rao,andrew.rao7356@example.com,2021-09-06,REGULAR
CUST0091,Michelle Mehta,michelle.mehta7685@example.com,2021-03-05,REGULAR
CUST0092,Deborah Gupta,deborah.gupta9346@example.com,2024-03-06,PREMIUM
CUST0093,Andrew Singh,andrew.singh6257@example.com,2023-09-11,PREMIUM
CUST0094,Christopher Kapoor,christopher.kapoor3272@example.com,2020-07-20,REGULAR
CUST0095,Steven Brown,steven.brown7874@example.com,2025-03-21,REGULAR
CUST0096,Susan Iyer,susan.iyer8453@example.com,2022-03-13,REGULAR
CUST0097,David Rao,david.rao2627@example.com,2024-10-03,VIP
CUST0098,Charles Chopra,charles.chopra7168@example.com,2021-06-28,REGULAR
CUST0099,Aditya Desai,aditya.desai5728@example.com,2023-08-27,VIP
CUST0100,Michael Sanchez,michael.sanchez8225@example.com,2023-05-01,PREMIUM
CUST0101,David White,david.white3679@example.com,2020-02-10,REGULAR
CUST0102,Kevin Kumar,kevin.kumar2393@example.com,2022-03-21,PREMIUM
CUST0103,Meera Verma,meera.verma2274@example.com,2024-04-05,PREMIUM
CUST0104,Aditya Flores,aditya.flores87@example.com,2019-03-19,REGULAR
CUST0105,Steven Wilson,steven.wilson2450@example.com,2025-10-29,REGULAR
CUST0106,Rajesh Ramirez,rajesh.ramirez1822@example.com,2021-08-31,PREMIUM
CUST0107,Joshua Davis,joshua.davis783@example.com,2026-03-02,REGULAR
CUST0108,Sameer Robinson,sameer.robinson1030@example.com,2024-08-09,REGULAR
CUST0109,Nisha Wright,nisha.wright270@example.com,2025-06-13,REGULAR
CUST0110,Donald Iyer,donald.iyer2353@example.com,2019-01-07,VIP
CUST0111,Deepika Thompson,deepika.thompson3942@example.com,2021-02-06,PREMIUM
CUST0112,David King,david.king5909@example.com,2024-11-24,REGULAR
CUST0113,Amit Allen,amit.allen8317@example.com,2023-05-19,REGULAR
CUST0114,Meera Williams,meera.williams6339@example.com,2021-11-04,REGULAR
CUST0115,John Thompson,john.thompson1107@example.com,2026-05-15,VIP
CUST0116,Tanvi Miller,tanvi.miller9534@example.com,2022-09-23,PREMIUM
CUST0117,Sarah Williams,sarah.williams5773@example.com,2026-03-17,REGULAR
CUST0118,Daniel Chopra,daniel.chopra7613@example.com,2024-05-14,PREMIUM
CUST0119,Tanvi Lopez,tanvi.lopez2210@example.com,2024-02-18,PREMIUM
CUST0120,Robert Jackson,robert.jackson3303@example.com,2021-03-28,REGULAR
CUST0121,Jennifer Lee,jennifer.lee5081@example.com,2025-02-02,PREMIUM
CUST0122,Meera Taylor,meera.taylor600@example.com,2021-02-21,REGULAR
CUST0123,Andrew Thompson,andrew.thompson784@example.com,2022-09-21,PREMIUM
CUST0124,Paul Davis,paul.davis6030@example.com,2023-06-27,REGULAR
CUST0125,Neha Joshi,neha.joshi6335@example.com,2021-02-04,REGULAR
CUST0126,Aryan Verma,aryan.verma8152@example.com,2024-10-27,REGULAR
CUST0127,Paul Mehta,paul.mehta1354@example.com,2019-11-20,REGULAR
CUST0128,Vikram Hill,vikram.hill2957@example.com,2022-08-08,VIP
CUST0129,Susan Garcia,susan.garcia5373@example.com,2022-06-09,PREMIUM
CUST0130,Aditya Hill,aditya.hill6982@example.com,2023-12-24,PREMIUM
CUST0131,Brian Lewis,brian.lewis694@example.com,2022-12-15,REGULAR
CUST0132,Deepika Ramirez,deepika.ramirez4499@example.com,2019-08-23,REGULAR
CUST0133,Elizabeth Patel,elizabeth.patel6656@example.com,2020-10-17,PREMIUM
CUST0134,Patricia Martinez,patricia.martinez9955@example.com,2023-11-30,VIP
CUST0135,Robert Rodriguez,robert.rodriguez1102@example.com,2026-03-27,REGULAR
CUST0136,George White,george.white6273@example.com,2019-05-13,REGULAR
CUST0137,Ajay Martinez,ajay.martinez7372@example.com,2023-03-04,REGULAR
CUST0138,Neha Rao,neha.rao1260@example.com,2024-12-08,PREMIUM
CUST0139,George Sanchez,george.sanchez5151@example.com,2021-10-19,PREMIUM
CUST0140,Joseph Johnson,joseph.johnson3049@example.com,2023-05-05,REGULAR
CUST0141,Vivek Davis,vivek.davis4289@example.com,2024-01-02,REGULAR
CUST0142,Margaret Flores,margaret.flores4679@example.com,2024-07-04,REGULAR
CUST0143,Betty Davis,betty.davis2224@example.com,2024-01-26,REGULAR
CUST0144,Daniel Joshi,daniel.joshi7293@example.com,2022-08-02,PREMIUM
CUST0145,Brian Iyer,brian.iyer1064@example.com,2022-04-04,REGULAR
CUST0146,Joshua Malhotra,joshua.malhotra2581@example.com,2026-02-25,REGULAR
CUST0147,Daniel Kumar,daniel.kumar5923@example.com,2020-05-12,REGULAR
CUST0148,Betty Kumar,betty.kumar2276@example.com,2024-07-16,PREMIUM
CUST0149,Patricia White,patricia.white9078@example.com,2024-03-29,REGULAR
CUST0150,Sneha Rodriguez,sneha.rodriguez1413@example.com,2023-06-19,REGULAR
CUST0151,Rahul King,rahul.king6731@example.com,2025-06-12,VIP
CUST0152,Elizabeth Rodriguez,elizabeth.rodriguez5195@example.com,2024-01-18,PREMIUM
CUST0153,Karan Gupta,karan.gupta8477@example.com,2025-03-08,REGULAR
CUST0154,Suresh Lopez,suresh.lopez2115@example.com,2019-08-15,REGULAR
CUST0155,Jessica King,jessica.king2508@example.com,2020-10-25,REGULAR
CUST0156,Carol Iyer,carol.iyer3695@example.com,2024-10-26,REGULAR
CUST0157,Andrew Malhotra,andrew.malhotra1293@example.com,2026-02-14,REGULAR
CUST0158,Sneha Moore,sneha.moore2051@example.com,2025-11-21,REGULAR
CUST0159,Anjali Garcia,anjali.garcia8235@example.com,2025-08-21,REGULAR
CUST0160,Kiran Martinez,kiran.martinez2805@example.com,2025-10-14,REGULAR
CUST0161,Amanda Chopra,amanda.chopra9235@example.com,2019-04-27,REGULAR
CUST0162,David Williams,david.williams9450@example.com,2021-05-13,PREMIUM
CUST0163,Manish Clark,manish.clark497@example.com,2026-01-12,REGULAR
CUST0164,Amit Jackson,amit.jackson4950@example.com,2023-07-22,VIP
CUST0165,Joshua Robinson,joshua.robinson1196@example.com,2020-10-09,PREMIUM
CUST0166,Neha Clark,neha.clark7934@example.com,2022-10-25,REGULAR
CUST0167,Ajay Martinez,ajay.martinez5122@example.com,2022-07-31,REGULAR
CUST0168,Brian Sanchez,brian.sanchez2143@example.com,2024-10-10,PREMIUM
CUST0169,Vivek Miller,vivek.miller5229@example.com,2020-05-16,REGULAR
CUST0170,Paul Lewis,paul.lewis4062@example.com,2019-07-27,REGULAR
CUST0171,Donna Harris,donna.harris6851@example.com,2020-10-16,VIP
CUST0172,Carol Torres,carol.torres5124@example.com,2020-10-14,REGULAR
CUST0173,Aryan Allen,aryan.allen7649@example.com,2022-06-17,REGULAR
CUST0174,Aryan Johnson,aryan.johnson1476@example.com,2024-09-01,PREMIUM
CUST0175,Isha Thomas,isha.thomas3525@example.com,2019-07-19,PREMIUM
CUST0176,Michael Jackson,michael.jackson8109@example.com,2026-05-03,REGULAR
CUST0177,Meera Jackson,meerajacksonexample.com,2023-11-01,REGULAR
CUST0178,Sarah Desai,sarah.desai4334@example.com,2023-07-10,REGULAR
CUST0179,George Williams,george.williams6564@example.com,2025-04-20,REGULAR
CUST0180,Matthew White,matthew.white9065@example.com,2023-05-02,REGULAR
CUST0181,Divya Lewis,divya.lewis9009@example.com,2025-12-27,PREMIUM
CUST0182,Deepika Davis,deepika.davis2109@example.com,2023-06-02,PREMIUM
CUST0183,Deborah Kumar,deborah.kumar5556@example.com,2023-02-06,VIP
CUST0184,Charles Gonzalez,charles.gonzalez9871@example.com,2024-08-10,REGULAR
CUST0185,Jennifer Williams,jennifer.williams638@example.com,2022-09-26,REGULAR
CUST0186,Meera King,meera.king7488@example.com,2024-10-12,REGULAR
CUST0187,Sarah Lee,sarah.lee5219@example.com,2025-11-30,PREMIUM
CUST0188,Joshua Nguyen,joshua.nguyen5512@example.com,2024-09-18,REGULAR
CUST0189,Anjali Young,anjali.young9223@example.com,2019-03-10,REGULAR
CUST0190,Deborah Perez,deborah.perez1796@example.com,2025-07-18,REGULAR
CUST0191,Michelle Kumar,michelle.kumar437@example.com,2021-12-23,REGULAR
CUST0192,Kiran Torres,kiran.torres3729@example.com,2025-07-18,REGULAR
CUST0193,Rahul Hernandez,rahul.hernandez8590@example.com,2025-12-13,REGULAR
CUST0194,Edward Martinez,edward.martinez3969@example.com,2020-03-26,VIP
CUST0195,Matthew Johnson,matthew.johnson7226@example.com,2020-09-12,REGULAR
CUST0196,Priya Verma,priya.verma3341@example.com,2025-11-09,PREMIUM
CUST0197,Meera Bhatt,meera.bhatt1021@example.com,2024-10-25,REGULAR
CUST0198,Anthony Scott,anthony.scott5326@example.com,2024-05-13,REGULAR
CUST0199,Rajesh Harris,rajesh.harris5141@example.com,2024-02-26,VIP
CUST0200,Anjali Perez,anjali.perez8951@example.com,2026-03-19,PREMIUM
CUST0201,Kimberly Flores,kimberly.flores7933@example.com,2021-10-06,VIP
CUST0202,Emily Scott,emily.scott4891@example.com,2022-05-04,VIP
CUST0203,Andrew Iyer,andrew.iyer3397@example.com,2024-06-25,PREMIUM
CUST0204,Kenneth Walker,kenneth.walker5715@example.com,2022-01-25,REGULAR
CUST0205,Andrew Davis,andrew.davis9396@example.com,2023-04-05,REGULAR
CUST0206,Ananya Kapoor,ananya.kapoor5655@example.com,2020-08-22,REGULAR
CUST0207,Donna Williams,donna.williams4713@example.com,2019-11-20,REGULAR
CUST0208,Brian Lewis,brian.lewis4202@example.com,2021-05-26,REGULAR
CUST0209,Betty Kapoor,betty.kapoor8825@example.com,2025-04-21,REGULAR
CUST0210,Paul Rodriguez,paul.rodriguez1790@example.com,2025-07-31,VIP
CUST0211,Donald Thomas,donald.thomas832@example.com,2024-12-15,REGULAR
CUST0212,Mark Green,mark.green3815@example.com,2023-08-20,PREMIUM
CUST0213,Kevin Iyer,kevin.iyer7740@example.com,2020-07-17,REGULAR
CUST0214,James Scott,james.scott2588@example.com,2024-05-02,REGULAR
CUST0215,Rahul Sharma,rahul.sharma3268@example.com,2022-03-22,VIP
CUST0216,Carol Jackson,carol.jackson970@example.com,2020-01-02,VIP
CUST0217,Manish Anderson,manish.anderson8768@example.com,2019-06-02,REGULAR
CUST0218,Daniel Clark,daniel.clark2881@example.com,2019-05-29,PREMIUM
CUST0219,Ananya Kumar,ananya.kumar8117@example.com,2022-03-31,REGULAR
CUST0220,Robert Smith,robert.smith4889@example.com,2020-03-15,REGULAR
CUST0221,Kevin Jackson,kevin.jackson7445@example.com,2025-02-03,VIP
CUST0222,Rajesh Young,rajesh.young2199@example.com,2024-04-01,REGULAR
CUST0223,Paul Gonzalez,paul.gonzalez1846@example.com,2024-02-23,REGULAR
CUST0224,Steven Iyer,steven@,2022-04-23,PREMIUM
CUST0225,Riya Gupta,riya.gupta3165@example.com,2026-03-01,REGULAR
CUST0226,Rohan Kapoor,rohan.kapoor7008@example.com,2019-12-22,REGULAR
CUST0227,Rohan Patel,rohan.patel1563@example.com,2020-07-29,REGULAR
CUST0228,Rahul Lee,rahul@,2021-08-22,PREMIUM
CUST0229,Aditya Rao,aditya.rao4375@example.com,2022-05-21,REGULAR
CUST0230,Kiran Nair,kiran.example,2023-01-12,VIP
CUST0231,Donald Brown,donald.brown1937@example.com,2020-10-16,REGULAR
CUST0232,Rohan Gupta,rohan.gupta8234@example.com,2022-06-27,REGULAR
CUST0233,Jessica Green,jessica.green4834@example.com,2021-06-23,REGULAR
CUST0234,Mark Rodriguez,mark.rodriguez7835@example.com,2025-10-17,PREMIUM
CUST0235,Deborah Clark,deborah.clark8999@example.com,2025-01-10,REGULAR
CUST0236,Margaret Rao,margaret.rao4055@example.com,2025-09-06,REGULAR
CUST0237,David King,david.king7320@example.com,2023-01-21,PREMIUM
CUST0238,Elizabeth Pillai,elizabeth.pillai9244@example.com,2025-02-21,REGULAR
CUST0239,Divya Gonzalez,divya.gonzalez9384@example.com,2020-11-04,REGULAR
CUST0240,Carol Malhotra,carol.malhotra8526@example.com,2021-04-21,PREMIUM
CUST0241,Kiran Young,kiran.young1490@example.com,2023-12-30,REGULAR
CUST0242,Linda Robinson,linda.robinson2162@example.com,2024-02-15,REGULAR
CUST0243,Riya Brown,riya.brown9156@example.com,2022-06-16,REGULAR
CUST0244,John Sanchez,john.sanchez4170@example.com,2021-06-11,VIP
CUST0245,Kiran Jones,kiran.jones743@example.com,2019-09-19,REGULAR
CUST0246,Amit Brown,amit.brown1131@example.com,2024-04-17,PREMIUM
CUST0247,Robert Jackson,robert.jackson6699@example.com,2020-07-08,REGULAR
CUST0248,Arjun White,arjun.white6267@example.com,2023-03-27,REGULAR
CUST0249,Edward Garcia,edward.garcia8836@example.com,2022-11-25,PREMIUM
CUST0250,Jessica Lopez,jessica.lopez8803@example.com,2020-06-05,REGULAR
CUST0251,Mark Chopra,mark.chopra57@example.com,2022-05-07,REGULAR
CUST0252,Karan Gupta,karan.gupta8921@example.com,2023-04-03,PREMIUM
CUST0253,Sandra Thomas,sandra.thomas7547@example.com,2022-02-03,REGULAR
CUST0254,Matthew Desai,matthew.desai1849@example.com,2026-05-28,REGULAR
CUST0255,Arjun Flores,arjun.flores257@example.com,2019-10-03,VIP
CUST0256,Richard Hill,richard.hill551@example.com,2026-07-15,VIP
CUST0257,Michael Thomas,michael.thomas725@example.com,2021-08-17,REGULAR
CUST0258,Amit Wilson,amit.wilson925@example.com,2022-03-30,REGULAR
CUST0259,Sandra Kapoor,sandra.kapoor9439@example.com,2025-09-15,REGULAR
CUST0260,Carol Thomas,carol.thomas4945@example.com,2026-05-28,VIP
CUST0261,Pooja Anderson,pooja.anderson6776@example.com,2019-09-07,PREMIUM
CUST0262,Vivek Nguyen,vivek.nguyen2870@example.com,2023-10-16,PREMIUM
CUST0263,Vivek Young,vivek.young769@example.com,2026-03-20,REGULAR
CUST0264,Edward Kumar,edward.kumar8593@example.com,2023-09-02,REGULAR
CUST0265,Priya Martinez,priya.martinez4914@example.com,2025-01-12,PREMIUM
CUST0266,Meera Thomas,meera.thomas3693@example.com,2020-08-14,PREMIUM
CUST0267,Karan Pillai,karan.pillai945@example.com,2023-09-03,PREMIUM
CUST0268,Vivek King,vivek.king2197@example.com,2021-11-10,VIP
CUST0269,Anthony Perez,anthony.perez1296@example.com,2023-02-28,PREMIUM
CUST0270,Barbara Wright,barbara.wright3121@example.com,2023-03-25,REGULAR
CUST0271,Ajay Hill,ajay.hill648@example.com,2021-02-09,PREMIUM
CUST0272,Suresh Nair,suresh.nair9157@example.com,2021-05-05,REGULAR
CUST0273,Kevin Martin,kevin.martin252@example.com,2021-02-17,PREMIUM
CUST0274,Jessica Reddy,jessica.reddy7847@example.com,2025-10-11,VIP
CUST0275,Anthony Sanchez,anthony.sanchez3922@example.com,2022-03-05,REGULAR
CUST0276,Edward Robinson,edward.robinson8744@example.com,2022-06-17,REGULAR
CUST0277,Kimberly White,kimberly.white8402@example.com,2024-03-23,REGULAR
CUST0278,Richard Mehta,richard.mehta7693@example.com,2022-08-04,REGULAR
CUST0279,Anthony White,anthony.white5127@example.com,2025-04-23,REGULAR
CUST0280,Mark Reddy,mark.example,2025-07-20,PREMIUM
CUST0281,Kiran Nair,kiran.nair6842@example.com,2021-03-14,PREMIUM
CUST0282,Kevin Anderson,kevin.anderson6224@example.com,2021-10-03,REGULAR
CUST0283,Aryan Scott,aryan.scott5531@example.com,2024-06-24,PREMIUM
CUST0284,Simran Robinson,simran.robinson2757@example.com,2022-12-13,REGULAR
CUST0285,Nancy Rodriguez,nancy.rodriguez8955@example.com,2025-01-29,REGULAR
CUST0286,Linda King,linda.king555@example.com,2019-11-01,VIP
CUST0287,Michael Rao,michael.rao105@example.com,2026-01-27,PREMIUM
CUST0288,Sandra Jones,sandra.example,2024-02-11,REGULAR
CUST0289,Deborah Brown,deborah.brown7917@example.com,2019-03-06,REGULAR
CUST0290,James Wright,james.wright9039@example.com,2019-03-10,REGULAR
CUST0291,Rajesh Nair,rajesh.nair4502@example.com,2022-03-20,REGULAR
CUST0292,John Allen,john.allen7055@example.com,2021-01-04,PREMIUM
CUST0293,Susan Pillai,susan.pillai1579@example.com,2021-09-14,PREMIUM
CUST0294,Matthew Flores,matthew.flores8626@example.com,2022-12-22,REGULAR
CUST0295,Paul Kumar,paul.kumar6503@example.com,2023-07-22,PREMIUM
CUST0296,Isha Torres,isha.torres3985@example.com,2021-07-14,REGULAR
CUST0297,Joshua Gupta,joshua.gupta1321@example.com,2026-04-15,REGULAR
CUST0298,Robert Garcia,robert.garcia6641@example.com,2025-03-13,REGULAR
CUST0299,Meera Brown,meera.brown155@example.com,2019-12-05,REGULAR
CUST0300,Aryan Malhotra,aryan.malhotra7110@example.com,2022-09-18,PREMIUM
CUST0301,Riya Malhotra,riya.malhotra1563@example.com,2019-06-24,VIP
CUST0302,Sandra Wilson,sandra.wilson9287@example.com,2019-07-10,REGULAR
CUST0303,Elizabeth Gupta,elizabeth.gupta4594@example.com,2025-04-27,PREMIUM
CUST0304,Robert Lopez,robertlopezexample.com,2025-08-01,REGULAR
CUST0305,Charles Rao,charles.rao6526@example.com,2022-05-10,REGULAR
CUST0306,Christopher Torres,christopher.torres3940@example.com,2023-05-13,REGULAR
CUST0307,Amit Perez,amit.perez6289@example.com,2020-07-27,REGULAR
CUST0308,David Allen,david.allen5667@example.com,2023-11-26,PREMIUM
CUST0309,Sandra Chopra,sandra.chopra1246@example.com,2025-11-19,PREMIUM
CUST0310,Nisha Sanchez,nisha.sanchez5348@example.com,2022-01-24,PREMIUM
CUST0311,Aditya Young,aditya.young3738@example.com,2023-03-18,PREMIUM
CUST0312,Vikram Lopez,vikram.lopez9599@example.com,2019-12-18,REGULAR
CUST0313,Sameer Jackson,sameer.jackson4038@example.com,2019-12-03,REGULAR
CUST0314,Paul Martinez,paul.martinez6226@example.com,2026-02-09,REGULAR
CUST0315,Karen Reddy,karen.reddy6384@example.com,2020-03-12,PREMIUM
CUST0316,Barbara Smith,barbara.smith5051@example.com,2022-01-09,PREMIUM
CUST0317,Susan Rodriguez,susan.rodriguez1431@example.com,2024-01-13,REGULAR
CUST0318,Vivek Scott,vivek.scott8396@example.com,2019-04-18,PREMIUM
CUST0319,Barbara Thompson,barbara.thompson9081@example.com,2025-09-15,REGULAR
CUST0320,Carol Bhatt,carol@,2023-05-08,VIP
CUST0321,David Nair,david.nair9168@example.com,2021-09-21,PREMIUM
CUST0322,Manish King,manish.king2779@example.com,2020-11-25,VIP
CUST0323,Sarah Moore,sarah.moore4934@example.com,2020-08-20,PREMIUM
CUST0324,William Hernandez,william.hernandez7122@example.com,2022-05-12,PREMIUM
CUST0325,Rahul Kumar,rahul.kumar1261@example.com,2021-10-07,REGULAR
CUST0326,Tanvi Young,tanvi.young9729@example.com,2024-02-19,PREMIUM
CUST0327,Susan Rodriguez,susan@,2022-09-22,REGULAR
CUST0328,Sameer Harris,sameer.harris5400@example.com,2023-10-30,VIP
CUST0329,Nisha Rodriguez,nisha.rodriguez4923@example.com,2021-04-02,PREMIUM
CUST0330,Rahul Lee,rahul.lee2911@example.com,2022-07-31,PREMIUM
CUST0331,Donna Reddy,donna.reddy8045@example.com,2021-09-19,PREMIUM
CUST0332,Carol Harris,carol.harris4593@example.com,2023-05-29,REGULAR
CUST0333,George Davis,george.davis9239@example.com,2025-02-12,PREMIUM
CUST0334,Lisa Gupta,lisa.gupta9013@example.com,2024-03-05,REGULAR
CUST0335,Anthony Lewis,anthony.lewis4774@example.com,2019-10-11,PREMIUM
CUST0336,Priya Gupta,priya.gupta8181@example.com,2022-05-25,PREMIUM
CUST0337,Donald Taylor,donald.taylor2526@example.com,2023-03-25,REGULAR
CUST0338,Elizabeth Lewis,elizabeth.lewis9797@example.com,2023-06-30,PREMIUM
CUST0339,Anjali Allen,anjali.allen6854@example.com,2023-01-12,REGULAR
CUST0340,Anjali Hill,anjali.hill1393@example.com,2021-10-13,REGULAR
CUST0341,Melissa Hernandez,melissa.hernandez726@example.com,2026-03-27,PREMIUM
CUST0342,Rohan Rao,rohan.rao5433@example.com,2023-10-30,REGULAR
CUST0343,Susan Smith,susan.smith1616@example.com,2024-09-22,REGULAR
CUST0344,Pooja Scott,pooja.scott9512@example.com,2021-06-24,REGULAR
CUST0345,Aditya White,aditya.white6409@example.com,2025-08-07,REGULAR
CUST0346,Divya Martinez,divya.martinez5652@example.com,2024-05-31,PREMIUM
CUST0347,Susan Jackson,susan.jackson6816@example.com,2019-12-18,VIP
CUST0348,Joseph Chopra,joseph.chopra2322@example.com,2022-11-06,REGULAR
CUST0349,Isha Kumar,isha.kumar3390@example.com,2022-11-27,PREMIUM
CUST0350,Meera Miller,meera.miller7179@example.com,2024-01-28,REGULAR
CUST0351,Kenneth Jones,kenneth.jones4920@example.com,2020-04-16,VIP
CUST0352,John Malhotra,john.malhotra5621@example.com,2020-11-04,REGULAR
CUST0353,Ashley King,ashley.king2859@example.com,2022-09-17,VIP
CUST0354,Vivek Ramirez,vivek.ramirez7571@example.com,2023-07-18,REGULAR
CUST0355,Tanvi Lopez,tanvi.lopez3054@example.com,2023-11-06,VIP
CUST0356,Ananya Johnson,ananya.johnson3233@example.com,2023-10-26,REGULAR
CUST0357,Stephanie Smith,stephanie.smith3520@example.com,2019-09-14,VIP
CUST0358,Manish Miller,manish.miller8797@example.com,2022-08-28,REGULAR
CUST0359,Betty Robinson,betty.robinson1868@example.com,2024-06-27,REGULAR
CUST0360,Rajesh Green,rajesh.green5135@example.com,2025-11-08,REGULAR
CUST0361,Ananya Nguyen,ananya.nguyen1872@example.com,2024-02-19,PREMIUM
CUST0362,Sameer Lopez,sameer.lopez4874@example.com,2025-08-14,REGULAR
CUST0363,David Gupta,david.gupta2195@example.com,2021-09-04,PREMIUM
CUST0364,Michelle Davis,michelle.davis3000@example.com,2020-08-02,REGULAR
CUST0365,Sanjay Harris,sanjay.harris6853@example.com,2025-06-12,REGULAR
CUST0366,Stephanie Ramirez,stephanie.ramirez3044@example.com,2025-01-10,REGULAR
CUST0367,Daniel Scott,daniel.scott2734@example.com,2020-07-28,REGULAR
CUST0368,Lisa Lee,lisa.lee7390@example.com,2023-01-10,PREMIUM
CUST0369,Mary Young,mary.young2237@example.com,2023-04-22,REGULAR
CUST0370,Vivek Allen,vivek.allen8110@example.com,2024-07-07,VIP
CUST0371,Arjun Iyer,arjun.iyer7273@example.com,2019-12-05,REGULAR
CUST0372,Riya Johnson,riya.johnson3614@example.com,2022-01-30,PREMIUM
CUST0373,Mark Wright,mark.wright4730@example.com,2024-02-17,PREMIUM
CUST0374,Riya Reddy,riya.reddy8116@example.com,2020-04-08,PREMIUM
CUST0375,Manish Davis,manish.davis4390@example.com,2023-02-11,REGULAR
CUST0376,Amit Kapoor,amit.kapoor682@example.com,2023-12-13,REGULAR
CUST0377,Amit Wilson,amit.wilson6966@example.com,2026-05-01,PREMIUM
CUST0378,Ashley Martin,ashley.martin529@example.com,2022-11-28,REGULAR
CUST0379,Barbara Lewis,barbara.lewis1924@example.com,2021-08-28,REGULAR
CUST0380,Anthony Mehta,anthony.mehta9633@example.com,2025-11-04,PREMIUM
CUST0381,Tanvi Ramirez,tanvi.ramirez2720@example.com,2021-04-26,PREMIUM
CUST0382,Anthony Mehta,anthony.mehta973@example.com,2024-12-20,REGULAR
CUST0383,Emily Hill,emily.hill8828@example.com,2022-04-13,REGULAR
CUST0384,Donna Torres,donna.torres4381@example.com,2024-10-08,REGULAR
CUST0385,Richard Rodriguez,richard.rodriguez6744@example.com,2022-02-09,REGULAR
CUST0386,Thomas Verma,thomas.verma2175@example.com,2022-08-12,REGULAR
CUST0387,Ashley Rao,ashley.rao6435@example.com,2025-06-23,REGULAR
CUST0388,Tanvi Moore,tanvi.moore6787@example.com,2019-11-06,REGULAR
CUST0389,Barbara Sanchez,barbara.sanchez8448@example.com,2023-02-20,VIP
CUST0390,Isha Young,isha.young5363@example.com,2020-01-17,PREMIUM
CUST0391,Isha Green,isha.green5870@example.com,2024-12-29,VIP
CUST0392,Ananya Wilson,ananya.wilson7040@example.com,2024-07-19,PREMIUM
CUST0393,Paul Lee,paul.lee4647@example.com,2025-06-25,REGULAR
CUST0394,Thomas Torres,thomas.torres7952@example.com,2019-07-18,REGULAR
CUST0395,Jennifer Miller,jennifermillerexample.com,2023-12-13,REGULAR
CUST0396,Isha Smith,isha.smith7010@example.com,2020-06-24,REGULAR
CUST0397,Joshua Hernandez,joshua.hernandez4490@example.com,2023-01-16,REGULAR
CUST0398,Steven Garcia,steven.garcia6093@example.com,2026-04-11,REGULAR
CUST0399,Nancy Brown,nancy.brown6494@example.com,2021-08-17,PREMIUM
CUST0400,Kavya Sharma,kavya.sharma1495@example.com,2019-01-05,REGULAR
CUST0401,Margaret Walker,margaret.walker1277@example.com,2021-07-15,REGULAR
CUST0402,Pooja Gupta,pooja.example,2022-11-08,REGULAR
CUST0403,Jessica Bhatt,jessica.bhatt6920@example.com,2024-05-10,REGULAR
CUST0404,Elizabeth Anderson,elizabeth.anderson6277@example.com,2020-02-24,VIP
CUST0405,Susan Lee,susan.lee6023@example.com,2020-07-15,PREMIUM
CUST0406,Edward Singh,edward.singh2182@example.com,2020-08-08,REGULAR
CUST0407,William King,william.example,2020-11-03,REGULAR
CUST0408,Neha Thompson,neha.thompson3491@example.com,2020-09-12,REGULAR
CUST0409,Priya Flores,priya.flores7249@example.com,2019-12-22,PREMIUM
CUST0410,Richard Rodriguez,richard.rodriguez2018@example.com,2023-04-22,REGULAR
CUST0411,Brian Ramirez,brian.ramirez5153@example.com,2021-10-11,PREMIUM
CUST0412,Emily Sharma,emily.sharma1381@example.com,2025-09-27,PREMIUM
CUST0413,Nisha Nair,nisha.nair9955@example.com,2019-04-20,PREMIUM
CUST0414,Joshua Wilson,joshua.wilson8483@example.com,2021-02-11,REGULAR
CUST0415,Ananya Jackson,ananya.jackson895@example.com,2021-09-07,REGULAR
CUST0416,Aryan Harris,aryan.harris1848@example.com,2026-02-26,REGULAR
CUST0417,Nisha Jones,nisha.jones8656@example.com,2019-02-19,REGULAR
CUST0418,George Lee,george.lee2163@example.com,2025-05-17,REGULAR
CUST0419,Arjun White,arjun.white8952@example.com,2024-04-13,PREMIUM
CUST0420,Elizabeth Johnson,elizabeth.johnson9624@example.com,2021-12-09,REGULAR
CUST0421,Margaret Williams,margaret.williams991@example.com,2023-06-19,REGULAR
CUST0422,Divya Jackson,divya.jackson8210@example.com,2023-10-01,PREMIUM
CUST0423,Rohan Garcia,rohan.garcia8792@example.com,2020-09-17,REGULAR
CUST0424,Emily Garcia,emily.garcia5078@example.com,2021-04-12,PREMIUM
CUST0425,Karen Wright,karen.wright5354@example.com,2026-02-11,REGULAR
CUST0426,William Martin,william.martin7168@example.com,2021-09-04,REGULAR
CUST0427,Linda Thomas,linda.thomas1413@example.com,2020-04-20,PREMIUM
CUST0428,Isha Flores,isha.flores9976@example.com,2026-06-21,REGULAR
CUST0429,Daniel Davis,daniel.davis208@example.com,2019-02-16,PREMIUM
CUST0430,Christopher Young,christopher.young5681@example.com,2021-11-27,PREMIUM
CUST0431,Nancy White,nancy.white2080@example.com,2022-01-05,REGULAR
CUST0432,Jessica Singh,jessica.singh481@example.com,2023-10-25,REGULAR
CUST0433,Paul King,paul.king1047@example.com,2025-06-19,REGULAR
CUST0434,Tanvi Jones,tanvi.jones8129@example.com,2023-01-15,VIP
CUST0435,Linda Young,linda.young9288@example.com,2020-10-06,REGULAR
CUST0436,Steven Singh,steven.singh1686@example.com,2026-07-24,REGULAR
CUST0437,Joseph Anderson,josephandersonexample.com,2021-09-28,REGULAR
CUST0438,Jennifer Walker,jennifer.walker5964@example.com,2020-09-06,PREMIUM
CUST0439,Daniel Malhotra,daniel.malhotra580@example.com,2026-05-09,REGULAR
CUST0440,Arjun Anderson,arjun.anderson5273@example.com,2022-08-03,PREMIUM
CUST0441,Paul Kapoor,paul.kapoor1277@example.com,2020-05-04,PREMIUM
CUST0442,Divya Gupta,divya.gupta863@example.com,2024-10-13,VIP
CUST0443,Jennifer Sanchez,jennifer.sanchez1130@example.com,2022-03-02,REGULAR
CUST0444,Michelle Lee,michelle.lee1416@example.com,2019-02-02,VIP
CUST0445,Deborah Gonzalez,deborah.gonzalez4778@example.com,2022-05-29,PREMIUM
CUST0446,Sameer Thomas,sameer.thomas7601@example.com,2024-07-13,PREMIUM
CUST0447,Betty Nair,betty.nair8955@example.com,2021-10-01,PREMIUM
CUST0448,Karen Smith,karen.smith6719@example.com,2025-01-27,REGULAR
CUST0449,Brian Green,brian.green158@example.com,2019-01-06,PREMIUM
CUST0450,Edward Malhotra,edward.malhotra5039@example.com,2024-12-10,REGULAR
CUST0451,Donald Clark,donald.clark8062@example.com,2020-08-06,PREMIUM
CUST0452,Emily Garcia,emily.garcia720@example.com,2024-10-29,PREMIUM
CUST0453,Priya Verma,priya.verma6103@example.com,2019-12-14,REGULAR
CUST0454,Kiran Miller,kiran.miller8281@example.com,2023-06-04,REGULAR
CUST0455,Elizabeth Nguyen,elizabeth.nguyen9304@example.com,2026-06-06,REGULAR
CUST0456,Thomas Thomas,thomas.thomas4779@example.com,2022-07-14,PREMIUM
CUST0457,Ananya Verma,ananya.verma5346@example.com,2022-01-18,PREMIUM
CUST0458,Sandra Jones,sandra.jones3322@example.com,2025-07-22,REGULAR
CUST0459,Susan Martinez,susan.martinez1732@example.com,2024-03-23,PREMIUM
CUST0460,Kenneth Clark,kenneth.clark1979@example.com,2021-04-30,REGULAR
CUST0461,Aditya Martin,aditya.martin7592@example.com,2020-05-06,REGULAR
CUST0462,Barbara Hernandez,barbara.hernandez4985@example.com,2025-10-07,REGULAR
CUST0463,Jennifer Wilson,jennifer.wilson5371@example.com,2021-10-13,REGULAR
CUST0464,Melissa Sanchez,melissa.sanchez8413@example.com,2022-05-09,REGULAR
CUST0465,Kimberly Kapoor,kimberly.kapoor2849@example.com,2023-07-15,REGULAR
CUST0466,Aditya Scott,aditya.scott9014@example.com,2024-03-07,REGULAR
CUST0467,Susan Mehta,susan.mehta2291@example.com,2019-09-10,REGULAR
CUST0468,Mark Rodriguez,mark.rodriguez3247@example.com,2023-03-05,PREMIUM
CUST0469,Tanvi Sharma,tanvi.sharma1377@example.com,2021-11-26,PREMIUM
CUST0470,Elizabeth Johnson,elizabeth.johnson1057@example.com,2026-03-30,REGULAR
CUST0471,Neha Mehta,neha.mehta2111@example.com,2022-09-20,REGULAR
CUST0472,Jessica Williams,jessica.williams7553@example.com,2025-06-08,REGULAR
CUST0473,Vikram Kapoor,vikram.kapoor6472@example.com,2023-04-17,REGULAR
CUST0474,Kavya Lopez,kavya.lopez5800@example.com,2021-02-05,REGULAR
CUST0475,Emily Moore,emily.moore7308@example.com,2019-05-22,REGULAR
CUST0476,Deepika Flores,deepika.flores4027@example.com,2024-08-05,VIP
CUST0477,Priya Desai,priya.desai9023@example.com,2019-12-26,REGULAR
CUST0478,Emily Harris,emily.harris2249@example.com,2026-03-17,PREMIUM
CUST0479,Rajesh Thomas,rajesh.thomas8908@example.com,2023-04-16,PREMIUM
CUST0480,Melissa Walker,melissa.walker8922@example.com,2022-11-10,PREMIUM
CUST0481,Riya Allen,riya.allen5270@example.com,2021-01-06,REGULAR
CUST0482,Patricia Lee,patricia.lee9784@example.com,2022-02-24,REGULAR
CUST0483,Linda Mehta,linda.mehta7729@example.com,2025-07-20,REGULAR
CUST0484,Sandra Hernandez,sandra.hernandez1641@example.com,2021-09-14,PREMIUM
CUST0485,Paul Wright,paul.wright917@example.com,2021-06-17,PREMIUM
CUST0486,Manish Malhotra,manish.malhotra6364@example.com,2020-12-12,VIP
CUST0487,Daniel Thomas,daniel.thomas9708@example.com,2023-01-09,REGULAR
CUST0488,Suresh Johnson,suresh.johnson5762@example.com,2025-04-27,PREMIUM
CUST0489,Charles Torres,charles.torres3085@example.com,2024-07-09,REGULAR
CUST0490,Amit Martin,amit.martin2877@example.com,2020-01-05,PREMIUM
CUST0491,Linda Anderson,linda.anderson9858@example.com,2024-11-26,REGULAR
CUST0492,Rahul Smith,rahul.smith5436@example.com,2021-04-05,REGULAR
CUST0493,Thomas Perez,thomas.perez2908@example.com,2022-08-18,REGULAR
CUST0494,Linda Johnson,linda.johnson2421@example.com,2020-08-03,REGULAR
CUST0495,Joseph Malhotra,joseph.malhotra8623@example.com,2019-10-25,REGULAR
CUST0496,Deborah Iyer,deborah.iyer6482@example.com,2022-10-10,PREMIUM
CUST0497,Joshua Lee,joshua.lee2236@example.com,2023-11-25,REGULAR
CUST0498,Simran Sharma,simran.sharma5199@example.com,2025-04-20,REGULAR
CUST0499,Deepika Kumar,deepika.kumar5847@example.com,2025-08-09,REGULAR
CUST0500,Daniel Harris,daniel.harris5027@example.com,2022-04-21,REGULAR
CUST0501,Thomas Lopez,thomas.lopez30@example.com,2025-06-04,PREMIUM
CUST0502,Ananya Malhotra,ananya.malhotra9298@example.com,2025-10-03,REGULAR
CUST0503,Kenneth Pillai,kenneth.pillai3620@example.com,2020-03-02,REGULAR
CUST0504,Aryan Martinez,aryan.martinez5426@example.com,2021-09-01,REGULAR
CUST0505,Brian Lee,brian.lee2751@example.com,2019-12-30,REGULAR
CUST0506,Kevin Lewis,kevin.lewis187@example.com,2021-10-19,PREMIUM
CUST0507,William Thompson,william.thompson4206@example.com,2019-01-06,REGULAR
CUST0508,Michael Harris,michael.harris7180@example.com,2020-11-12,REGULAR
CUST0509,Priya Young,priya.young6205@example.com,2023-03-18,REGULAR
CUST0510,Richard Chopra,richard.chopra7856@example.com,2025-06-25,REGULAR
CUST0511,Mark Hernandez,mark.hernandez7394@example.com,2019-05-17,REGULAR
CUST0512,Donna Johnson,donna.johnson5222@example.com,2020-03-04,REGULAR
CUST0513,Elizabeth Perez,elizabeth.perez2788@example.com,2020-10-21,PREMIUM
CUST0514,Elizabeth Scott,elizabeth.scott1526@example.com,2025-11-18,REGULAR
CUST0515,Rahul Iyer,rahul.iyer508@example.com,2026-05-01,PREMIUM
CUST0516,Nancy Hill,nancy.hill7114@example.com,2020-02-19,PREMIUM
CUST0517,Kevin Wilson,kevin.wilson3113@example.com,2025-03-19,REGULAR
CUST0518,Amit Taylor,amit.taylor4613@example.com,2020-01-28,REGULAR
CUST0519,Michael Sanchez,michael.sanchez9368@example.com,2024-07-03,REGULAR
CUST0520,Karen Brown,karenbrownexample.com,2022-04-21,REGULAR
CUST0521,Tanvi Hill,tanvi.hill7870@example.com,2019-04-16,VIP
CUST0522,Anthony Hernandez,anthony.hernandez4782@example.com,2024-04-23,REGULAR
CUST0523,Joseph Martin,joseph.martin6513@example.com,2026-05-31,PREMIUM
CUST0524,Kimberly Garcia,kimberly.garcia8915@example.com,2023-02-28,PREMIUM
CUST0525,Edward White,edward.white3057@example.com,2021-12-14,PREMIUM
CUST0526,Neha Robinson,neha.robinson4316@example.com,2022-01-05,PREMIUM
CUST0527,Riya Brown,riya.brown2477@example.com,2026-06-26,VIP
CUST0528,Richard Garcia,richard.garcia5633@example.com,2023-08-23,REGULAR
CUST0529,Suresh Anderson,suresh.anderson9071@example.com,2023-05-05,REGULAR
CUST0530,Pooja Clark,pooja.clark8774@example.com,2024-04-28,REGULAR
CUST0531,Manish Desai,manish.desai3861@example.com,2019-11-20,REGULAR
CUST0532,Ananya Joshi,ananya.joshi569@example.com,2024-10-17,PREMIUM
CUST0533,Manish Gupta,manish.gupta2416@example.com,2024-01-14,REGULAR
CUST0534,Daniel Hernandez,daniel.hernandez3472@example.com,2020-05-31,REGULAR
CUST0535,Jennifer Ramirez,jennifer.ramirez1284@example.com,2023-11-19,PREMIUM
CUST0536,Betty Kapoor,betty.kapoor2423@example.com,2021-11-22,PREMIUM
CUST0537,Kenneth Pillai,kenneth.pillai1098@example.com,2025-03-28,REGULAR
CUST0538,Ananya Scott,ananya.scott5344@example.com,2024-10-29,PREMIUM
CUST0539,Isha Pillai,isha.pillai203@example.com,2025-12-27,PREMIUM
CUST0540,Suresh King,suresh.king6875@example.com,2020-09-04,REGULAR
CUST0541,Charles Torres,charles.torres9633@example.com,2020-02-15,PREMIUM
CUST0542,Susan Torres,susan.torres1655@example.com,2025-01-02,VIP
CUST0543,Brian Desai,brian.desai6733@example.com,2026-05-06,REGULAR
CUST0544,Simran Torres,simran.torres9978@example.com,2020-12-06,REGULAR
CUST0545,Emily Sanchez,emily.sanchez2357@example.com,2023-07-04,REGULAR
CUST0546,Robert Sanchez,robert.sanchez5432@example.com,2019-07-21,PREMIUM
CUST0547,Meera Pillai,meera.pillai4401@example.com,2019-03-24,VIP
CUST0548,Amanda Kapoor,amanda.kapoor4966@example.com,2024-07-06,REGULAR
CUST0549,Richard Bhatt,richard.bhatt3735@example.com,2023-12-20,PREMIUM
CUST0550,Carol Moore,carol.moore6829@example.com,2020-01-01,REGULAR
CUST0551,Matthew Lewis,matthew.lewis3464@example.com,2023-07-26,PREMIUM
CUST0552,Simran Rao,simran.rao8463@example.com,2019-08-19,PREMIUM
CUST0553,Sanjay Kumar,sanjay.kumar2605@example.com,2024-09-06,REGULAR
CUST0554,Rohan Rodriguez,rohan.rodriguez8590@example.com,2019-04-29,PREMIUM
CUST0555,Daniel Gonzalez,daniel.gonzalez3289@example.com,2021-10-18,PREMIUM
CUST0556,Robert Robinson,robert.robinson829@example.com,2021-03-26,PREMIUM
CUST0557,Emily White,emily.white7606@example.com,2026-02-15,REGULAR
CUST0558,Jessica Gupta,jessica.gupta501@example.com,2024-06-25,VIP
CUST0559,Nisha Lewis,nisha.lewis2910@example.com,2024-04-27,PREMIUM
CUST0560,Suresh Scott,suresh.scott5731@example.com,2021-11-25,REGULAR
CUST0561,Barbara Jackson,barbara.jackson450@example.com,2020-10-29,REGULAR
CUST0562,Manish Singh,manish.singh3512@example.com,2026-04-05,REGULAR
CUST0563,Mark Gupta,mark.gupta3388@example.com,2023-08-05,REGULAR
CUST0564,Sanjay Johnson,sanjay.johnson146@example.com,2020-06-25,REGULAR
CUST0565,Daniel Hill,daniel.hill139@example.com,2025-10-27,PREMIUM
CUST0566,Michelle Iyer,michelle.iyer4512@example.com,2023-03-23,PREMIUM
CUST0567,Brian Robinson,brian.robinson4129@example.com,2022-05-22,REGULAR
CUST0568,Pooja Kapoor,pooja.kapoor6507@example.com,2019-01-31,VIP
CUST0569,Sanjay Patel,sanjay.patel6132@example.com,2025-08-29,PREMIUM
CUST0570,Ajay Jackson,ajay.jackson4891@example.com,2024-05-27,PREMIUM
CUST0571,William Perez,william.perez4530@example.com,2022-02-08,PREMIUM
CUST0572,Kimberly Sharma,kimberly.sharma4896@example.com,2024-10-19,REGULAR
CUST0573,Donald Joshi,donald.joshi931@example.com,2025-09-23,PREMIUM
CUST0574,Rohan Patel,rohan.patel5237@example.com,2019-04-15,VIP
CUST0575,Aryan Jackson,aryan.jackson4251@example.com,2023-07-16,REGULAR
CUST0576,Stephanie Reddy,stephanie.reddy579@example.com,2025-06-01,PREMIUM
CUST0577,Matthew Perez,matthew.perez3644@example.com,2026-02-27,REGULAR
CUST0578,Meera Pillai,meera.pillai5874@example.com,2020-11-27,REGULAR
CUST0579,Vivek Lopez,vivek.lopez4814@example.com,2020-06-08,REGULAR
CUST0580,Kimberly Nair,kimberly.nair9160@example.com,2021-01-19,PREMIUM
CUST0581,Kevin Sharma,kevin.sharma1464@example.com,2021-07-03,REGULAR
CUST0582,Michelle Clark,michelle.clark5429@example.com,2025-07-26,PREMIUM
CUST0583,Donna Robinson,donna.robinson1930@example.com,2026-02-11,PREMIUM
CUST0584,Kiran Nguyen,kiran.nguyen1167@example.com,2021-03-07,REGULAR
CUST0585,Divya Davis,divya.davis6254@example.com,2023-08-20,PREMIUM
CUST0586,Michael Bhatt,michael.bhatt2471@example.com,2021-03-31,REGULAR
CUST0587,Amanda Clark,amanda.clark9330@example.com,2024-02-18,REGULAR
CUST0588,Charles Lee,charles.lee2955@example.com,2024-06-20,PREMIUM
CUST0589,Kevin Green,kevin.green2898@example.com,2019-08-26,REGULAR
CUST0590,James Lewis,james.lewis4482@example.com,2020-11-21,REGULAR
CUST0591,Manish Rao,manish.rao2596@example.com,2019-12-27,PREMIUM
CUST0592,Thomas Flores,thomas.flores7106@example.com,2023-07-11,REGULAR
CUST0593,Kavya Walker,kavya.example,2021-03-27,REGULAR
CUST0594,Deborah Smith,deborah.smith5280@example.com,2024-12-15,PREMIUM
CUST0595,Matthew Johnson,matthew.johnson68@example.com,2021-10-16,REGULAR
CUST0596,Mark Verma,mark.verma5642@example.com,2020-02-25,PREMIUM
CUST0597,Stephanie Allen,stephanie.allen9645@example.com,2019-09-25,PREMIUM
CUST0598,Jennifer Martin,jennifer.martin4765@example.com,2024-11-01,REGULAR
CUST0599,Nisha King,nisha.king5536@example.com,2020-07-02,REGULAR
CUST0600,Amanda Joshi,amanda.joshi8032@example.com,2021-02-10,VIP
CUST0601,Nancy Pillai,nancypillaiexample.com,2020-06-21,REGULAR
CUST0602,Margaret Nair,margaret.nair360@example.com,2020-11-23,PREMIUM
CUST0603,Jessica White,jessica.white613@example.com,2026-03-07,REGULAR
CUST0604,Steven Singh,steven.singh8762@example.com,2025-08-29,PREMIUM
CUST0605,Michael Patel,michael.patel1772@example.com,2019-03-22,PREMIUM
CUST0606,Michael Verma,michael.verma1898@example.com,2023-04-07,PREMIUM
CUST0607,Jessica Scott,jessica.scott4141@example.com,2020-09-19,REGULAR
CUST0608,Anthony Verma,anthony.verma153@example.com,2026-06-03,PREMIUM
CUST0609,Richard Patel,richard.patel8525@example.com,2025-10-16,REGULAR
CUST0610,Sarah Clark,sarah.clark1719@example.com,2025-12-05,REGULAR
CUST0611,Jessica Jackson,jessica.jackson1868@example.com,2024-07-31,PREMIUM
CUST0612,Betty Hill,betty.hill3273@example.com,2024-11-12,REGULAR
CUST0613,Betty Thompson,betty.thompson6714@example.com,2019-06-11,REGULAR
CUST0614,Sneha Young,sneha.young3403@example.com,2024-05-22,REGULAR
CUST0615,Kevin Thomas,kevinthomasexample.com,2020-03-28,REGULAR
CUST0616,Manish Patel,manish.patel8096@example.com,2020-01-04,REGULAR
CUST0617,Sanjay Jones,sanjay.jones1660@example.com,2026-03-24,PREMIUM
CUST0618,Sandra Robinson,sandra.robinson4851@example.com,2019-07-25,REGULAR
CUST0619,Richard Kapoor,richard.kapoor2863@example.com,2022-04-05,PREMIUM
CUST0620,George Mehta,george.mehta5124@example.com,2020-04-19,REGULAR
CUST0621,Richard Malhotra,richardmalhotraexample.com,2026-06-10,REGULAR
CUST0622,Nancy Perez,nancy.perez5858@example.com,2025-12-21,REGULAR
CUST0623,Paul Desai,paul.desai1523@example.com,2022-11-04,REGULAR
CUST0624,Lisa Davis,lisa.davis6567@example.com,2024-02-13,REGULAR
CUST0625,Paul Chopra,paul.chopra6320@example.com,2024-05-12,REGULAR
CUST0626,Arjun Sharma,arjun.sharma2733@example.com,2019-08-29,PREMIUM
CUST0627,Christopher Miller,christopher.miller6817@example.com,2024-05-31,REGULAR
CUST0628,Riya Gupta,riya.gupta7179@example.com,2023-04-05,REGULAR
CUST0629,Melissa Flores,melissa.flores473@example.com,2020-06-19,REGULAR
CUST0630,Rahul Pillai,rahul.pillai7998@example.com,2023-08-12,PREMIUM
CUST0631,Neha Williams,neha.williams1038@example.com,2022-07-11,VIP
CUST0632,Mary Iyer,mary.iyer8599@example.com,2025-06-19,REGULAR
CUST0633,Riya Anderson,riya.anderson5543@example.com,2025-12-07,REGULAR
CUST0634,Richard Ramirez,richard.ramirez4073@example.com,2026-06-11,REGULAR
CUST0635,Stephanie Martinez,stephanie.martinez9148@example.com,2025-11-15,REGULAR
CUST0636,Michael Smith,michael.smith2572@example.com,2024-04-06,REGULAR
CUST0637,Aryan Bhatt,aryan.bhatt2710@example.com,2024-07-06,REGULAR
CUST0638,Carol Thomas,carol.thomas5422@example.com,2019-07-26,REGULAR
CUST0639,Divya Anderson,divya.anderson9020@example.com,2023-07-10,REGULAR
CUST0640,Donald Garcia,donald.garcia7522@example.com,2025-06-05,REGULAR
CUST0641,Aditya Garcia,aditya.garcia8167@example.com,2020-05-01,VIP
CUST0642,Aryan Reddy,aryan.reddy292@example.com,2023-08-16,REGULAR
CUST0643,Robert Scott,robertscottexample.com,2025-10-10,PREMIUM
CUST0644,Sameer Green,sameer.green4991@example.com,2025-04-22,REGULAR
CUST0645,Anthony Sharma,anthony.sharma7475@example.com,2023-01-28,PREMIUM
CUST0646,Michael Kapoor,michael.kapoor3653@example.com,2022-09-21,REGULAR
CUST0647,Vivek Singh,vivek.singh9830@example.com,2026-05-15,PREMIUM
CUST0648,George Iyer,george.iyer7415@example.com,2026-05-22,REGULAR
CUST0649,Mark Smith,mark.smith5593@example.com,2026-02-08,REGULAR
CUST0650,Donna Scott,donna.scott8553@example.com,2020-03-11,REGULAR
CUST0651,Jennifer Joshi,jennifer.joshi2690@example.com,2023-08-04,REGULAR
CUST0652,Susan Taylor,susan.taylor3210@example.com,2023-05-29,REGULAR
CUST0653,Margaret Robinson,margaret.robinson3123@example.com,2020-03-17,VIP
CUST0654,Arjun Williams,arjun.williams9648@example.com,2024-01-20,REGULAR
CUST0655,Isha Patel,isha.patel9656@example.com,2020-07-05,PREMIUM
CUST0656,Aryan Smith,aryan.smith8690@example.com,2025-03-16,REGULAR
CUST0657,Vikram Chopra,vikram.chopra9587@example.com,2024-09-13,REGULAR
CUST0658,Daniel Verma,daniel.verma9480@example.com,2020-06-09,PREMIUM
CUST0659,Susan Harris,susan.harris9840@example.com,2022-08-11,REGULAR
CUST0660,Divya Desai,divya.desai6303@example.com,2025-10-30,REGULAR
CUST0661,Ashley Moore,ashley.moore6519@example.com,2022-04-19,REGULAR
CUST0662,Aditya Mehta,aditya.mehta2186@example.com,2025-10-03,REGULAR
CUST0663,Sanjay Martin,sanjay.martin8976@example.com,2025-03-17,VIP
CUST0664,Tanvi Wilson,tanvi.wilson3292@example.com,2022-04-05,REGULAR
CUST0665,Brian Pillai,brian.pillai2174@example.com,2026-04-16,PREMIUM
CUST0666,Daniel Allen,daniel.allen8889@example.com,2022-08-13,PREMIUM
CUST0667,Joseph Rao,joseph.rao5772@example.com,2025-07-15,PREMIUM
CUST0668,Manish Patel,manish.patel6840@example.com,2024-12-26,REGULAR
CUST0669,Andrew Desai,andrew.desai6921@example.com,2024-11-11,REGULAR
CUST0670,Susan Johnson,susan.johnson6241@example.com,2026-07-08,REGULAR
CUST0671,Linda Gonzalez,linda.gonzalez4375@example.com,2020-10-21,REGULAR
CUST0672,Andrew Gupta,andrew.gupta4106@example.com,2019-09-12,PREMIUM
CUST0673,Donna Wilson,donna.wilson8867@example.com,2024-01-28,VIP
CUST0674,Susan Flores,susan.flores9206@example.com,2026-04-04,REGULAR
CUST0675,Vivek Harris,vivek.harris3893@example.com,2022-03-24,PREMIUM
CUST0676,Michael Harris,michael.harris6350@example.com,2022-07-04,PREMIUM
CUST0677,Sneha Brown,sneha.brown213@example.com,2021-04-11,PREMIUM
CUST0678,Sameer Bhatt,sameer.bhatt7260@example.com,2026-02-08,VIP
CUST0679,Deborah Rao,deborah.rao9641@example.com,2025-10-07,REGULAR
CUST0680,Betty Singh,betty.singh3171@example.com,2020-12-27,REGULAR
CUST0681,Elizabeth Lopez,elizabeth.lopez2848@example.com,2020-05-03,PREMIUM
CUST0682,Edward Williams,edward.williams7021@example.com,2021-12-18,REGULAR
CUST0683,Thomas Hernandez,thomas.hernandez9569@example.com,2019-01-24,REGULAR
CUST0684,Kevin Robinson,kevin.robinson2537@example.com,2022-08-14,REGULAR
CUST0685,Nisha Brown,nisha.brown4935@example.com,2025-06-03,REGULAR
CUST0686,Sneha Thompson,sneha.thompson1195@example.com,2022-07-25,REGULAR
CUST0687,Rajesh Anderson,rajesh.anderson3013@example.com,2024-08-31,REGULAR
CUST0688,Christopher Clark,christopher.clark8898@example.com,2020-01-12,REGULAR
CUST0689,Brian Anderson,brian.anderson3496@example.com,2022-09-18,REGULAR
CUST0690,George Jackson,george.jackson3580@example.com,2025-12-07,PREMIUM
CUST0691,Rajesh Walker,rajesh.walker9197@example.com,2026-04-13,PREMIUM
CUST0692,Mary Davis,mary.davis5669@example.com,2026-03-15,REGULAR
CUST0693,Deepika Pillai,deepika.pillai3995@example.com,2022-08-07,PREMIUM
CUST0694,Edward Pillai,edward.pillai1858@example.com,2025-01-21,VIP
CUST0695,Andrew Johnson,andrew.johnson8469@example.com,2023-03-16,PREMIUM
CUST0696,Sanjay Mehta,sanjay.mehta8336@example.com,2019-06-29,PREMIUM
CUST0697,Donna Joshi,donna.joshi3155@example.com,2019-12-04,PREMIUM
CUST0698,Richard Hernandez,richard.hernandez8815@example.com,2026-01-11,VIP
CUST0699,William Wilson,william.wilson3493@example.com,2023-10-04,REGULAR
CUST0700,Susan Wilson,susan.wilson8811@example.com,2023-11-18,REGULAR
CUST0701,Elizabeth Reddy,elizabeth.reddy2520@example.com,2022-09-20,PREMIUM
CUST0702,Robert Garcia,robert.garcia1201@example.com,2021-10-28,VIP
CUST0703,Vivek Jones,vivek.jones9421@example.com,2021-11-25,PREMIUM
CUST0704,Priya Harris,priya.harris7392@example.com,2023-11-09,REGULAR
CUST0705,Kenneth Johnson,kenneth.johnson6382@example.com,2024-12-30,REGULAR
CUST0706,James Sharma,james.sharma1037@example.com,2025-07-26,REGULAR
CUST0707,Jennifer Verma,jennifer.verma1190@example.com,2024-08-21,PREMIUM
CUST0708,Susan Jackson,susan.jackson4938@example.com,2022-02-27,REGULAR
CUST0709,Neha Harris,neha.harris6474@example.com,2019-05-07,REGULAR
CUST0710,Meera Hernandez,meera.hernandez8741@example.com,2023-05-21,REGULAR
CUST0711,Amit Jackson,amit.jackson2361@example.com,2026-04-07,PREMIUM
CUST0712,Deborah Smith,deborah.smith9069@example.com,2020-08-02,PREMIUM
CUST0713,Jessica Williams,jessica.williams83@example.com,2023-06-03,VIP
CUST0714,Anjali Scott,anjali.scott1395@example.com,2022-11-09,REGULAR
CUST0715,Margaret Clark,margaret.clark8398@example.com,2021-01-23,REGULAR
CUST0716,Mark Flores,mark.flores4141@example.com,2021-01-12,REGULAR
CUST0717,Riya Malhotra,riya.malhotra892@example.com,2025-02-26,REGULAR
CUST0718,Karan Sharma,karan.sharma9006@example.com,2026-07-14,REGULAR
CUST0719,William Taylor,william.taylor1609@example.com,2025-07-06,REGULAR
CUST0720,Simran Perez,simran.perez5852@example.com,2026-05-08,REGULAR
CUST0721,Donald Miller,donald.miller4672@example.com,2021-03-03,REGULAR
CUST0722,Kenneth Young,kenneth.young7384@example.com,2026-05-24,VIP
CUST0723,Michelle Verma,michelle.verma9572@example.com,2025-05-10,PREMIUM
CUST0724,George Mehta,george.mehta5183@example.com,2020-11-21,REGULAR
CUST0725,James Lee,james.lee4034@example.com,2026-03-09,VIP
CUST0726,Vikram Moore,vikram.moore5890@example.com,2022-09-20,VIP
CUST0727,Rahul Robinson,rahul.robinson7297@example.com,2022-06-05,PREMIUM
CUST0728,Simran Scott,simran.scott1784@example.com,2025-10-20,REGULAR
CUST0729,David Chopra,david.chopra4598@example.com,2020-07-27,REGULAR
CUST0730,Anjali Gonzalez,anjali.gonzalez4313@example.com,2026-01-10,PREMIUM
CUST0731,Elizabeth Nair,elizabeth.nair1236@example.com,2024-09-08,REGULAR
CUST0732,Tanvi Johnson,tanvi.johnson9534@example.com,2025-08-13,PREMIUM
CUST0733,Margaret Pillai,margaret.pillai601@example.com,2025-02-04,VIP
CUST0734,Amit Walker,amit.walker2436@example.com,2021-07-03,REGULAR
CUST0735,Suresh Nair,suresh.nair4768@example.com,2024-08-14,REGULAR
CUST0736,Sanjay Garcia,sanjay.garcia6501@example.com,2019-02-13,PREMIUM
CUST0737,Donald Malhotra,donald.malhotra2718@example.com,2020-07-28,REGULAR
CUST0738,Aditya Hernandez,aditya.hernandez2936@example.com,2025-05-06,REGULAR
CUST0739,Charles Reddy,charles.reddy7922@example.com,2019-06-15,REGULAR
CUST0740,Mark Rao,mark.rao7990@example.com,2021-12-18,REGULAR
CUST0741,Deborah Anderson,deborah.anderson702@example.com,2024-10-22,PREMIUM
CUST0742,George Harris,george.harris7696@example.com,2019-07-10,PREMIUM
CUST0743,Jennifer Sharma,jennifer.sharma5310@example.com,2024-11-05,REGULAR
CUST0744,Emily Chopra,emily.chopra4315@example.com,2025-05-24,PREMIUM
CUST0745,Daniel Harris,daniel.harris6202@example.com,2026-04-30,REGULAR
CUST0746,Elizabeth King,elizabeth.king4122@example.com,2021-07-01,VIP
CUST0747,Pooja Sanchez,pooja.sanchez5782@example.com,2022-11-14,PREMIUM
CUST0748,Simran Kumar,simran.kumar7899@example.com,2019-01-28,REGULAR
CUST0749,Divya Desai,divya.desai2277@example.com,2021-07-31,REGULAR
CUST0750,Elizabeth Allen,elizabeth.allen4601@example.com,2021-02-04,REGULAR
CUST0751,Christopher White,christopher.white9864@example.com,2020-04-29,REGULAR
CUST0752,Sandra Clark,sandra.clark5411@example.com,2024-05-26,VIP
CUST0753,Rahul Walker,rahul.walker3453@example.com,2026-04-05,REGULAR
CUST0754,Priya Johnson,priya.johnson3993@example.com,2025-06-07,REGULAR
CUST0755,Suresh Hernandez,suresh.hernandez2208@example.com,2019-06-10,VIP
CUST0756,Manish Martinez,manish.martinez917@example.com,2021-01-07,PREMIUM
CUST0757,Pooja Sanchez,pooja.sanchez9820@example.com,2026-02-24,REGULAR
CUST0758,John Desai,john.desai4645@example.com,2021-06-06,REGULAR
CUST0759,Aditya Hill,aditya.hill7724@example.com,2020-11-29,REGULAR
CUST0760,Mark Chopra,mark.chopra6731@example.com,2025-07-14,REGULAR
CUST0761,Lisa Flores,lisa.flores8370@example.com,2022-11-04,PREMIUM
CUST0762,Isha Hill,isha.hill9677@example.com,2023-03-30,PREMIUM
CUST0763,Stephanie Rodriguez,stephanie.example,2024-08-27,PREMIUM
CUST0764,Arjun Kapoor,arjun.kapoor2451@example.com,2020-12-27,REGULAR
CUST0765,Meera Joshi,meera.joshi9828@example.com,2024-12-16,REGULAR
CUST0766,Divya Rao,divya.rao1926@example.com,2026-05-24,VIP
CUST0767,Thomas Joshi,thomas.joshi9888@example.com,2019-01-05,REGULAR
CUST0768,Vikram King,vikram.king6893@example.com,2019-06-27,PREMIUM
CUST0769,Rajesh Ramirez,rajesh.ramirez3760@example.com,2024-05-28,REGULAR
CUST0770,Edward Thompson,edward.thompson9651@example.com,2025-06-17,VIP
CUST0771,Richard Ramirez,richard.ramirez2194@example.com,2021-08-10,PREMIUM
CUST0772,David Jackson,david.jackson9803@example.com,2023-08-01,REGULAR
CUST0773,Steven Gonzalez,steven.gonzalez90@example.com,2019-01-30,REGULAR
CUST0774,Manish King,manish.king1931@example.com,2023-03-17,REGULAR
CUST0775,Anthony Verma,anthony.verma5176@example.com,2020-03-12,REGULAR
CUST0776,Karen Ramirez,karen.ramirez9591@example.com,2025-01-04,REGULAR
CUST0777,Kavya Torres,kavya.torres5991@example.com,2023-06-16,VIP
CUST0778,Anthony Clark,anthony.clark9046@example.com,2024-05-30,VIP
CUST0779,Daniel White,daniel.white9161@example.com,2021-11-05,REGULAR
CUST0780,Michelle Torres,michelle.torres5642@example.com,2023-06-19,REGULAR
CUST0781,Sarah Malhotra,sarah.malhotra1952@example.com,2024-01-04,PREMIUM
CUST0782,Christopher Miller,christopher.miller3514@example.com,2022-10-18,REGULAR
CUST0783,Sneha Flores,sneha.flores853@example.com,2026-02-17,PREMIUM
CUST0784,James Mehta,james.mehta1493@example.com,2024-04-15,REGULAR
CUST0785,Nisha Ramirez,nisha.ramirez1445@example.com,2021-06-27,REGULAR
CUST0786,Deborah Garcia,deborah.garcia9979@example.com,2023-04-24,PREMIUM
CUST0787,Rohan Flores,rohan.flores8537@example.com,2025-09-13,VIP
CUST0788,Linda Singh,linda.singh2872@example.com,2023-12-04,REGULAR
CUST0789,Mary Gonzalez,mary.gonzalez8490@example.com,2019-05-18,REGULAR
CUST0790,Nisha Allen,nisha.allen8452@example.com,2025-11-24,REGULAR
CUST0791,Nancy Gupta,nancy.gupta591@example.com,2026-05-06,VIP
CUST0792,James Hernandez,james.hernandez1423@example.com,2023-06-25,REGULAR
CUST0793,Melissa Patel,melissa.patel6475@example.com,2021-03-31,PREMIUM
CUST0794,Pooja Smith,pooja.smith1125@example.com,2025-03-01,PREMIUM
CUST0795,Andrew Nair,andrew.nair9161@example.com,2022-11-26,REGULAR
CUST0796,Brian Kapoor,brian.kapoor4531@example.com,2021-03-07,PREMIUM
CUST0797,Isha Sanchez,ishasanchezexample.com,2023-07-26,REGULAR
CUST0798,Divya Miller,divya.miller9153@example.com,2022-04-20,VIP
CUST0799,Amanda Davis,amanda.davis8410@example.com,2025-01-12,REGULAR
CUST0800,Manish Taylor,manish.taylor7255@example.com,2025-04-25,PREMIUM
CUST0801,Rahul Singh,rahul.singh3986@example.com,2024-02-23,REGULAR
CUST0802,Isha Joshi,isha.joshi9615@example.com,2024-05-28,REGULAR
CUST0803,Joseph Taylor,joseph.taylor1107@example.com,2021-06-21,REGULAR
CUST0804,Sandra Mehta,sandra.mehta5173@example.com,2022-12-17,VIP
CUST0805,Pooja Wright,pooja.wright160@example.com,2021-12-14,REGULAR
CUST0806,Ashley Jackson,ashley.jackson1524@example.com,2022-11-01,REGULAR
CUST0807,Elizabeth Scott,elizabeth.scott2925@example.com,2022-12-19,REGULAR
CUST0808,Margaret Joshi,margaret.joshi9400@example.com,2021-02-17,REGULAR
CUST0809,Aryan Reddy,aryan.reddy3272@example.com,2021-09-18,REGULAR
CUST0810,Kimberly Wilson,kimberly.wilson3756@example.com,2021-10-19,REGULAR
CUST0811,Sameer Thompson,sameer.thompson2556@example.com,2020-05-06,REGULAR
CUST0812,David Gupta,david.gupta8072@example.com,2025-01-26,REGULAR
CUST0813,Jennifer Malhotra,jennifer.malhotra7902@example.com,2022-07-15,REGULAR
CUST0814,Aryan Joshi,aryan.joshi9413@example.com,2024-07-03,PREMIUM
CUST0815,Lisa Rao,lisa.rao8375@example.com,2021-06-28,REGULAR
CUST0816,Manish Rodriguez,manish.rodriguez888@example.com,2023-09-30,REGULAR
CUST0817,Rahul Wright,rahul.wright534@example.com,2023-06-01,PREMIUM
CUST0818,Daniel Robinson,daniel.robinson1973@example.com,2024-02-28,REGULAR
CUST0819,Kenneth Verma,kennethvermaexample.com,2023-04-04,PREMIUM
CUST0820,Kiran Miller,kiran.miller5332@example.com,2021-11-29,PREMIUM
CUST0821,Lisa Scott,lisa.scott4307@example.com,2024-04-14,PREMIUM
CUST0822,Deepika Perez,deepika.perez5996@example.com,2023-10-03,REGULAR
CUST0823,Anthony Clark,anthony.clark6100@example.com,2023-06-29,PREMIUM
CUST0824,Emily Lewis,emily.lewis2948@example.com,2025-06-16,PREMIUM
CUST0825,Sandra Kapoor,sandra.kapoor1637@example.com,2021-08-23,VIP
CUST0826,Vivek Ramirez,vivek.ramirez6241@example.com,2020-09-04,REGULAR
CUST0827,Meera Mehta,meera.mehta160@example.com,2024-08-08,REGULAR
CUST0828,Sarah Joshi,sarah.joshi8471@example.com,2022-07-17,REGULAR
CUST0829,Simran Martin,simran.martin4112@example.com,2025-05-14,REGULAR
CUST0830,Michael Sanchez,michael.sanchez1622@example.com,2019-09-03,PREMIUM
CUST0831,Margaret Kapoor,margaret.kapoor4167@example.com,2026-01-23,PREMIUM
CUST0832,Richard Lewis,richard.lewis5484@example.com,2023-01-15,REGULAR
CUST0833,Vivek Scott,vivek.scott4223@example.com,2023-08-14,REGULAR
CUST0834,Jessica Thompson,jessica.thompson9922@example.com,2025-06-16,REGULAR
CUST0835,Anjali Lopez,anjali.lopez4664@example.com,2026-07-20,PREMIUM
CUST0836,Sanjay Young,sanjay.young7323@example.com,2023-04-10,REGULAR
CUST0837,Deepika Jackson,deepika.jackson7599@example.com,2020-08-16,PREMIUM
CUST0838,Nancy Green,nancy.green5528@example.com,2025-11-13,REGULAR
CUST0839,Manish Sanchez,manish.sanchez1169@example.com,2022-11-08,REGULAR
CUST0840,Sandra Lee,sandra.lee5192@example.com,2021-12-31,VIP
CUST0841,Ajay Sharma,ajay.sharma6480@example.com,2023-12-28,REGULAR
CUST0842,George Reddy,george.reddy9617@example.com,2024-01-19,PREMIUM
CUST0843,Priya Hernandez,priya.hernandez3013@example.com,2020-05-27,PREMIUM
CUST0844,Donald Patel,donald.patel4123@example.com,2019-11-24,PREMIUM
CUST0845,Anthony Hernandez,anthony.hernandez6506@example.com,2019-09-19,PREMIUM
CUST0846,Meera Scott,meera.scott882@example.com,2023-06-15,PREMIUM
CUST0847,Rajesh Rao,rajesh.rao1364@example.com,2025-12-06,REGULAR
CUST0848,Karen Garcia,karen.garcia6388@example.com,2021-10-10,REGULAR
CUST0849,Andrew Lewis,andrew.lewis2072@example.com,2020-11-29,PREMIUM
CUST0850,Patricia Williams,patricia.williams5847@example.com,2022-08-25,PREMIUM
CUST0851,Meera Robinson,meera.robinson8857@example.com,2025-02-24,PREMIUM
CUST0852,Neha Rodriguez,neha.rodriguez8836@example.com,2025-09-13,REGULAR
CUST0853,Isha Green,isha.green9241@example.com,2026-03-05,REGULAR
CUST0854,Anjali Martin,anjali.martin5689@example.com,2021-07-19,PREMIUM
CUST0855,Barbara Lewis,barbara.lewis5045@example.com,2021-11-30,VIP
CUST0856,Karen Martin,karenmartinexample.com,2022-11-09,VIP
CUST0857,Andrew Walker,andrew@,2024-05-08,PREMIUM
CUST0858,Joshua Smith,joshua.smith7053@example.com,2025-09-11,REGULAR
CUST0859,Sandra Kumar,sandra.kumar119@example.com,2021-02-11,REGULAR
CUST0860,Priya Desai,priya.desai9185@example.com,2021-10-20,PREMIUM
CUST0861,Christopher Iyer,christopher.iyer6386@example.com,2021-06-22,PREMIUM
CUST0862,Kimberly Garcia,kimberly.garcia6918@example.com,2024-10-17,REGULAR
CUST0863,Deepika Mehta,deepika.mehta4455@example.com,2024-12-18,PREMIUM
CUST0864,Paul Clark,paul.clark3081@example.com,2021-01-17,VIP
CUST0865,Sarah Jackson,sarah.jackson1809@example.com,2025-12-05,REGULAR
CUST0866,Aditya Moore,aditya.moore8061@example.com,2019-03-21,PREMIUM
CUST0867,Karen Brown,karen.brown8765@example.com,2020-02-23,REGULAR
CUST0868,Andrew Moore,andrew.moore2049@example.com,2019-02-03,REGULAR
CUST0869,Sandra Garcia,sandragarciaexample.com,2022-11-01,REGULAR
CUST0870,Arjun Martin,arjun.martin8166@example.com,2024-03-14,REGULAR
CUST0871,Robert Perez,robert.perez1315@example.com,2020-08-21,REGULAR
CUST0872,Linda Moore,linda.moore6430@example.com,2024-04-09,PREMIUM
CUST0873,Lisa Gonzalez,lisa.gonzalez4098@example.com,2019-02-21,REGULAR
CUST0874,Jessica Singh,jessica.singh4079@example.com,2023-12-20,REGULAR
CUST0875,Ashley Reddy,ashley.reddy550@example.com,2020-01-20,PREMIUM
CUST0876,Pooja Patel,pooja.patel3416@example.com,2022-07-02,PREMIUM
CUST0877,Carol Hernandez,carol.hernandez692@example.com,2025-03-01,REGULAR
CUST0878,Pooja Davis,pooja.davis4151@example.com,2022-05-08,VIP
CUST0879,Betty White,betty.white854@example.com,2021-06-11,REGULAR
CUST0880,Joseph Thomas,joseph.thomas7114@example.com,2020-11-16,REGULAR
CUST0881,Emily Nguyen,emily.nguyen1961@example.com,2021-09-22,REGULAR
CUST0882,Mary Williams,mary.williams9521@example.com,2024-04-30,REGULAR
CUST0883,Nisha Martinez,nisha.martinez6085@example.com,2021-10-15,REGULAR
CUST0884,Christopher Young,christopher.young1498@example.com,2022-10-18,PREMIUM
CUST0885,Tanvi Brown,tanvi.brown980@example.com,2020-09-22,VIP
CUST0886,Anjali Kumar,anjali.kumar1760@example.com,2021-08-11,PREMIUM
CUST0887,Kenneth Scott,kenneth.scott5691@example.com,2023-12-02,REGULAR
CUST0888,Matthew Johnson,matthew.johnson6190@example.com,2020-07-05,REGULAR
CUST0889,Steven Joshi,steven.joshi647@example.com,2023-11-28,REGULAR
CUST0890,Vivek Jackson,vivek.jackson8893@example.com,2021-02-16,REGULAR
CUST0891,Riya Lopez,riya.lopez8907@example.com,2024-04-02,PREMIUM
CUST0892,Emily Bhatt,emily.bhatt9809@example.com,2025-03-21,REGULAR
CUST0893,Christopher Jones,christopher.jones8703@example.com,2022-04-26,REGULAR
CUST0894,Kimberly Wright,kimberly.wright6015@example.com,2026-02-26,PREMIUM
CUST0895,Divya Harris,divya.harris3040@example.com,2025-12-13,REGULAR
CUST0896,George Singh,george.singh3913@example.com,2019-09-17,REGULAR
CUST0897,Anjali Kapoor,anjali.kapoor6349@example.com,2024-07-30,REGULAR
CUST0898,Sneha Martinez,sneha.martinez4639@example.com,2026-03-10,REGULAR
CUST0899,Carol Davis,carol.davis1578@example.com,2019-10-01,REGULAR
CUST0900,Jennifer Chopra,jennifer.chopra2127@example.com,2019-05-09,REGULAR
CUST0901,Betty Miller,betty.miller7953@example.com,2019-05-11,VIP
CUST0902,Manish Sharma,manish.sharma6367@example.com,2024-11-23,REGULAR
CUST0903,Sameer Verma,sameer.verma9672@example.com,2023-02-09,VIP
CUST0904,Mark Hill,markhillexample.com,2026-05-09,PREMIUM
CUST0905,Simran Desai,simran.desai1311@example.com,2026-03-02,REGULAR
CUST0906,Linda White,linda.white9143@example.com,2023-08-31,REGULAR
CUST0907,Deborah Kumar,deborah.kumar956@example.com,2021-12-24,PREMIUM
CUST0908,Rajesh Williams,rajesh.williams1154@example.com,2019-11-16,PREMIUM
CUST0909,Margaret King,margaret.king1592@example.com,2021-08-04,REGULAR
CUST0910,Anjali Harris,anjali.harris3105@example.com,2026-05-14,PREMIUM
CUST0911,Ashley Torres,ashley.torres2932@example.com,2025-04-05,REGULAR
CUST0912,Arjun Reddy,arjun.reddy1729@example.com,2025-06-19,VIP
CUST0913,Melissa Gupta,melissa.gupta7516@example.com,2023-10-16,REGULAR
CUST0914,Susan Hernandez,susan.hernandez2956@example.com,2024-08-29,PREMIUM
CUST0915,Amanda Patel,amanda.patel2592@example.com,2025-09-23,PREMIUM
CUST0916,Neha Thompson,neha.thompson5164@example.com,2022-08-22,REGULAR
CUST0917,Deborah Clark,deborah.clark7055@example.com,2022-08-17,PREMIUM
CUST0918,Ajay Thomas,ajay.thomas9227@example.com,2023-03-17,PREMIUM
CUST0919,Sneha Reddy,sneha.reddy4163@example.com,2024-01-28,PREMIUM
CUST0920,Aditya Sanchez,aditya.sanchez4@example.com,2022-03-11,PREMIUM
CUST0921,Nisha Johnson,nisha.johnson8481@example.com,2022-05-21,PREMIUM
CUST0922,James Martin,james.martin3636@example.com,2022-07-13,PREMIUM
CUST0923,John Singh,john.singh4522@example.com,2024-09-25,PREMIUM
CUST0924,Vivek Torres,vivek.torres9366@example.com,2019-06-04,VIP
CUST0925,Isha Thompson,isha.thompson2558@example.com,2023-02-12,PREMIUM
CUST0926,Kiran Thomas,kiran.thomas3818@example.com,2022-05-15,REGULAR
CUST0927,Barbara Torres,barbara.torres6551@example.com,2021-06-09,REGULAR
CUST0928,Elizabeth Nair,elizabeth.nair5320@example.com,2020-12-09,REGULAR
CUST0929,Simran Kapoor,simran.kapoor9441@example.com,2020-01-26,PREMIUM
CUST0930,Nisha Sharma,nisha.sharma4922@example.com,2025-06-18,REGULAR
CUST0931,Edward Garcia,edward.garcia917@example.com,2022-10-01,REGULAR
CUST0932,Brian Desai,brian.desai7116@example.com,2020-05-08,PREMIUM
CUST0933,Sandra Reddy,sandra.reddy9869@example.com,2026-02-09,REGULAR
CUST0934,Tanvi Harris,tanvi.harris887@example.com,2019-06-18,REGULAR
CUST0935,Kenneth Wright,kenneth.wright9256@example.com,2024-08-19,REGULAR
CUST0936,Mark Martinez,mark.martinez828@example.com,2023-05-29,VIP
CUST0937,Aditya Rao,aditya.rao9751@example.com,2020-01-04,REGULAR
CUST0938,Mark Ramirez,mark.ramirez4748@example.com,2020-08-29,VIP
CUST0939,Thomas Perez,thomas.perez1353@example.com,2019-07-21,PREMIUM
CUST0940,Sneha Sanchez,sneha.sanchez4302@example.com,2024-08-17,REGULAR
CUST0941,Vikram Singh,vikram.singh2137@example.com,2024-05-23,PREMIUM
CUST0942,Vivek Gonzalez,vivek.gonzalez7994@example.com,2025-05-29,REGULAR
CUST0943,Betty Scott,betty.scott8590@example.com,2019-10-21,PREMIUM
CUST0944,Paul Singh,paul.singh7047@example.com,2025-06-17,PREMIUM
CUST0945,Barbara Davis,barbara.davis6777@example.com,2022-11-27,REGULAR
CUST0946,Matthew Lee,matthew.lee5645@example.com,2019-04-10,REGULAR
CUST0947,Michelle Hernandez,michelle.hernandez5730@example.com,2023-12-17,VIP
CUST0948,Sameer Martinez,sameer.martinez7217@example.com,2021-08-14,REGULAR
CUST0949,Betty Gupta,betty.gupta6125@example.com,2019-12-18,VIP
CUST0950,Joseph Reddy,joseph.reddy894@example.com,2025-12-18,PREMIUM
CUST0951,Charles Bhatt,charles.example,2020-03-31,PREMIUM
CUST0952,Michelle Lewis,michelle.lewis7720@example.com,2021-05-06,VIP
CUST0953,Anjali Wilson,anjali.wilson3340@example.com,2021-11-25,VIP
CUST0954,Sneha Walker,sneha.walker2316@example.com,2026-06-30,PREMIUM
CUST0955,John Harris,john.harris9552@example.com,2024-11-27,REGULAR
CUST0956,Jennifer Taylor,jennifer.taylor2791@example.com,2021-04-02,PREMIUM
CUST0957,Sameer Moore,sameer.moore870@example.com,2019-02-04,REGULAR
CUST0958,William Harris,william.harris4446@example.com,2026-05-27,REGULAR
CUST0959,George Bhatt,george.example,2023-05-03,REGULAR
CUST0960,Sandra Harris,sandra.harris8332@example.com,2020-02-12,PREMIUM
CUST0961,Kenneth Young,kenneth.young9783@example.com,2021-02-02,PREMIUM
CUST0962,Betty Allen,betty.allen7504@example.com,2019-03-30,REGULAR
CUST0963,Jennifer Thomas,jennifer.thomas8674@example.com,2024-06-29,PREMIUM
CUST0964,Ananya Reddy,ananya.example,2022-12-12,VIP
CUST0965,Melissa Green,melissa.green4954@example.com,2024-08-15,REGULAR
CUST0966,Emily Mehta,emily.mehta1016@example.com,2023-05-05,REGULAR
CUST0967,Patricia Scott,patricia.scott4591@example.com,2022-10-31,REGULAR
CUST0968,Ananya Patel,ananya.patel2249@example.com,2023-04-15,PREMIUM
CUST0969,Pooja Gupta,pooja.gupta3727@example.com,2025-06-04,REGULAR
CUST0970,Karen Ramirez,karen.ramirez5119@example.com,2022-09-10,VIP
CUST0971,Aditya Wright,aditya.wright2159@example.com,2020-07-21,REGULAR
CUST0972,Kiran Wright,kiran.wright3315@example.com,2022-06-19,REGULAR
CUST0973,Rajesh Pillai,rajesh.pillai2216@example.com,2020-08-17,PREMIUM
CUST0974,Riya Pillai,riya.pillai2590@example.com,2025-04-01,VIP
CUST0975,Anjali Nair,anjali.nair1940@example.com,2020-08-19,REGULAR
CUST0976,Patricia Rao,patricia.rao5222@example.com,2023-08-23,REGULAR
CUST0977,Priya Martin,priya.martin7259@example.com,2026-02-21,REGULAR
CUST0978,Emily Martinez,emily.martinez3080@example.com,2021-01-26,VIP
CUST0979,Patricia Rao,patricia.rao4373@example.com,2025-11-13,REGULAR
CUST0980,Sandra Hill,sandra.hill3805@example.com,2019-04-17,REGULAR
CUST0981,Melissa Garcia,melissa.garcia7809@example.com,2025-10-12,REGULAR
CUST0982,Meera Iyer,meera.iyer6127@example.com,2023-05-07,PREMIUM
CUST0983,Simran Walker,simran.walker2254@example.com,2021-07-15,REGULAR
CUST0984,Robert Clark,robert.clark246@example.com,2023-08-19,REGULAR
CUST0985,Mark Reddy,mark.reddy3324@example.com,2019-09-28,PREMIUM
CUST0986,Daniel Lewis,daniel.lewis8028@example.com,2024-02-18,PREMIUM
CUST0987,Ashley Ramirez,ashley.ramirez6634@example.com,2025-10-26,VIP
CUST0988,Edward Nair,edward.nair5127@example.com,2025-05-31,REGULAR
CUST0989,Nisha Wright,nisha.wright8606@example.com,2019-06-07,PREMIUM
CUST0990,Pooja Miller,pooja.miller7400@example.com,2019-06-23,REGULAR
CUST0991,Ashley King,ashley.king8813@example.com,2019-06-10,REGULAR
CUST0992,Vivek Harris,vivek.harris8457@example.com,2019-07-21,REGULAR
CUST0993,Matthew Jackson,matthew.jackson7202@example.com,2022-06-01,REGULAR
CUST0994,Andrew Robinson,andrew.robinson2728@example.com,2025-11-16,REGULAR
CUST0995,Michael Verma,michael.verma8471@example.com,2024-03-13,VIP
CUST0996,Aditya Garcia,aditya.garcia8203@example.com,2025-07-25,REGULAR
CUST0997,Amit Rodriguez,amit.rodriguez6441@example.com,2024-01-21,REGULAR
CUST0998,Patricia Lopez,patricia.lopez7434@example.com,2021-04-07,REGULAR
CUST0999,Isha Garcia,isha.garcia4098@example.com,2026-04-10,VIP
CUST1000,Christopher Iyer,christopher.iyer2025@example.com,2024-01-15,PREMIUM
